{
  "MAE": 277.55519104003906,
  "RMSE": 368.5608221435547,
  "CRPS_approx": 257.5469665527344,
  "graph_mode": "hybrid"
}