{"DHI":53.7799067315,"DNI":288.0586146594,"GHI":221.7879847172,"Wind_speed":2.54575882,"Humidity":51.2614617549,"Temperature":17.4721786927,"PV_production":3555.1397220955,"Wind_production":2019.6425258516,"Electric_demand":24833.6952871553}