{"DHI":67.9794829792,"DNI":332.8159920648,"GHI":295.1356655209,"Wind_speed":1.0404196979,"Humidity":16.2880583872,"Temperature":7.6946484248,"PV_production":4346.1101531125,"Wind_production":1296.9643649179,"Electric_demand":4848.3134525629}